{"cameraMode":{"drawMode":0,"name":"Shaded","section":"Shading Mode"},"sceneLighting":true,"audioPlay":false,"sceneViewState":{"showFog":true,"showMaterialUpdate":false,"showSkybox":true,"showFlares":true,"showImageEffects":true,"showParticleSystems":true},"in2DMode":false,"pivot":{"x":2.103954315185547,"y":-5.327472686767578,"z":4.135166168212891},"rotation":{"x":-0.07155603170394898,"y":0.9269378781318665,"z":-0.23156800866127015,"w":-0.28642991185188296},"size":43.89607620239258,"orthographic":false}